pokemon,pokedex_no,hp,attack,defense,special_attack,special_defense,speed,height,weight,type_1,type_2
bulbasaur,1,45,49,49,65,65,45,0.7,6.9,grass,poison
ivysaur,2,60,62,63,80,80,60,1.0,13.0,grass,poison
venusaur,3,80,82,83,100,100,80,2.0,100.0,grass,poison
charmander,4,39,52,43,60,50,65,0.6,8.5,fire,
charmeleon,5,58,64,58,80,65,80,1.1,19.0,fire,
charizard,6,78,84,78,109,85,100,1.7,90.5,fire,flying
squirtle,7,44,48,65,50,64,43,0.5,9.0,water,
wartortle,8,59,63,80,65,80,58,1.0,22.5,water,
blastoise,9,79,83,100,85,105,78,1.6,85.5,water,
caterpie,10,45,30,35,20,20,45,0.3,2.9,bug,
metapod,11,50,20,55,25,25,30,0.7,9.9,bug,
butterfree,12,60,45,50,90,80,70,1.1,32.0,bug,flying
weedle,13,40,35,30,20,20,50,0.3,3.2,bug,poison
kakuna,14,45,25,50,25,25,35,0.6,10.0,bug,poison
beedrill,15,65,90,40,45,80,75,1.0,29.5,bug,poison
pidgey,16,40,45,40,35,35,56,0.3,1.8,normal,flying
pidgeotto,17,63,60,55,50,50,71,1.1,30.0,normal,flying
pidgeot,18,83,80,75,70,70,101,1.5,39.5,normal,flying
rattata,19,30,56,35,25,35,72,0.3,3.5,normal,
raticate,20,55,81,60,50,70,97,0.7,18.5,normal,
spearow,21,40,60,30,31,31,70,0.3,2.0,normal,flying
fearow,22,65,90,65,61,61,100,1.2,38.0,normal,flying
ekans,23,35,60,44,40,54,55,2.0,6.9,poison,
arbok,24,60,95,69,65,79,80,3.5,65.0,poison,
pikachu,25,35,55,40,50,50,90,0.4,6.0,electric,
raichu,26,60,90,55,90,80,110,0.8,30.0,electric,
sandshrew,27,50,75,85,20,30,40,0.6,12.0,ground,
sandslash,28,75,100,110,45,55,65,1.0,29.5,ground,
nidoran-f,29,55,47,52,40,40,41,0.4,7.0,poison,
nidorina,30,70,62,67,55,55,56,0.8,20.0,poison,
nidoqueen,31,90,92,87,75,85,76,1.3,60.0,poison,ground
nidoran-m,32,46,57,40,40,40,50,0.5,9.0,poison,
nidorino,33,61,72,57,55,55,65,0.9,19.5,poison,
nidoking,34,81,102,77,85,75,85,1.4,62.0,poison,ground
clefairy,35,70,45,48,60,65,35,0.6,7.5,fairy,
clefable,36,95,70,73,95,90,60,1.3,40.0,fairy,
vulpix,37,38,41,40,50,65,65,0.6,9.9,fire,
ninetales,38,73,76,75,81,100,100,1.1,19.9,fire,
jigglypuff,39,115,45,20,45,25,20,0.5,5.5,normal,fairy
wigglytuff,40,140,70,45,85,50,45,1.0,12.0,normal,fairy
zubat,41,40,45,35,30,40,55,0.8,7.5,poison,flying
golbat,42,75,80,70,65,75,90,1.6,55.0,poison,flying
oddish,43,45,50,55,75,65,30,0.5,5.4,grass,poison
gloom,44,60,65,70,85,75,40,0.8,8.6,grass,poison
vileplume,45,75,80,85,110,90,50,1.2,18.6,grass,poison
paras,46,35,70,55,45,55,25,0.3,5.4,bug,grass
parasect,47,60,95,80,60,80,30,1.0,29.5,bug,grass
venonat,48,60,55,50,40,55,45,1.0,30.0,bug,poison
venomoth,49,70,65,60,90,75,90,1.5,12.5,bug,poison
diglett,50,10,55,25,35,45,95,0.2,0.8,ground,
dugtrio,51,35,100,50,50,70,120,0.7,33.3,ground,
meowth,52,40,45,35,40,40,90,0.4,4.2,normal,
persian,53,65,70,60,65,65,115,1.0,32.0,normal,
psyduck,54,50,52,48,65,50,55,0.8,19.6,water,
golduck,55,80,82,78,95,80,85,1.7,76.6,water,
mankey,56,40,80,35,35,45,70,0.5,28.0,fighting,
primeape,57,65,105,60,60,70,95,1.0,32.0,fighting,
growlithe,58,55,70,45,70,50,60,0.7,19.0,fire,
arcanine,59,90,110,80,100,80,95,1.9,155.0,fire,
poliwag,60,40,50,40,40,40,90,0.6,12.4,water,
poliwhirl,61,65,65,65,50,50,90,1.0,20.0,water,
poliwrath,62,90,95,95,70,90,70,1.3,54.0,water,fighting
abra,63,25,20,15,105,55,90,0.9,19.5,psychic,
kadabra,64,40,35,30,120,70,105,1.3,56.5,psychic,
alakazam,65,55,50,45,135,95,120,1.5,48.0,psychic,
machop,66,70,80,50,35,35,35,0.8,19.5,fighting,
machoke,67,80,100,70,50,60,45,1.5,70.5,fighting,
machamp,68,90,130,80,65,85,55,1.6,130.0,fighting,
bellsprout,69,50,75,35,70,30,40,0.7,4.0,grass,poison
weepinbell,70,65,90,50,85,45,55,1.0,6.4,grass,poison
victreebel,71,80,105,65,100,70,70,1.7,15.5,grass,poison
tentacool,72,40,40,35,50,100,70,0.9,45.5,water,poison
tentacruel,73,80,70,65,80,120,100,1.6,55.0,water,poison
geodude,74,40,80,100,30,30,20,0.4,20.0,rock,ground
graveler,75,55,95,115,45,45,35,1.0,105.0,rock,ground
golem,76,80,120,130,55,65,45,1.4,300.0,rock,ground
ponyta,77,50,85,55,65,65,90,1.0,30.0,fire,
rapidash,78,65,100,70,80,80,105,1.7,95.0,fire,
slowpoke,79,90,65,65,40,40,15,1.2,36.0,water,psychic
slowbro,80,95,75,110,100,80,30,1.6,78.5,water,psychic
magnemite,81,25,35,70,95,55,45,0.3,6.0,electric,steel
magneton,82,50,60,95,120,70,70,1.0,60.0,electric,steel
farfetchd,83,52,90,55,58,62,60,0.8,15.0,normal,flying
doduo,84,35,85,45,35,35,75,1.4,39.2,normal,flying
dodrio,85,60,110,70,60,60,110,1.8,85.2,normal,flying
seel,86,65,45,55,45,70,45,1.1,90.0,water,
dewgong,87,90,70,80,70,95,70,1.7,120.0,water,ice
grimer,88,80,80,50,40,50,25,0.9,30.0,poison,
muk,89,105,105,75,65,100,50,1.2,30.0,poison,
shellder,90,30,65,100,45,25,40,0.3,4.0,water,
cloyster,91,50,95,180,85,45,70,1.5,132.5,water,ice
gastly,92,30,35,30,100,35,80,1.3,0.1,ghost,poison
haunter,93,45,50,45,115,55,95,1.6,0.1,ghost,poison
gengar,94,60,65,60,130,75,110,1.5,40.5,ghost,poison
onix,95,35,45,160,30,45,70,8.8,210.0,rock,ground
drowzee,96,60,48,45,43,90,42,1.0,32.4,psychic,
hypno,97,85,73,70,73,115,67,1.6,75.6,psychic,
krabby,98,30,105,90,25,25,50,0.4,6.5,water,
kingler,99,55,130,115,50,50,75,1.3,60.0,water,
voltorb,100,40,30,50,55,55,100,0.5,10.4,electric,
electrode,101,60,50,70,80,80,150,1.2,66.6,electric,
exeggcute,102,60,40,80,60,45,40,0.4,2.5,grass,psychic
exeggutor,103,95,95,85,125,75,55,2.0,120.0,grass,psychic
cubone,104,50,50,95,40,50,35,0.4,6.5,ground,
marowak,105,60,80,110,50,80,45,1.0,45.0,ground,
hitmonlee,106,50,120,53,35,110,87,1.5,49.8,fighting,
hitmonchan,107,50,105,79,35,110,76,1.4,50.2,fighting,
lickitung,108,90,55,75,60,75,30,1.2,65.5,normal,
koffing,109,40,65,95,60,45,35,0.6,1.0,poison,
weezing,110,65,90,120,85,70,60,1.2,9.5,poison,
rhyhorn,111,80,85,95,30,30,25,1.0,115.0,ground,rock
rhydon,112,105,130,120,45,45,40,1.9,120.0,ground,rock
chansey,113,250,5,5,35,105,50,1.1,34.6,normal,
tangela,114,65,55,115,100,40,60,1.0,35.0,grass,
kangaskhan,115,105,95,80,40,80,90,2.2,80.0,normal,
horsea,116,30,40,70,70,25,60,0.4,8.0,water,
seadra,117,55,65,95,95,45,85,1.2,25.0,water,
goldeen,118,45,67,60,35,50,63,0.6,15.0,water,
seaking,119,80,92,65,65,80,68,1.3,39.0,water,
staryu,120,30,45,55,70,55,85,0.8,34.5,water,
starmie,121,60,75,85,100,85,115,1.1,80.0,water,psychic
mr-mime,122,40,45,65,100,120,90,1.3,54.5,psychic,fairy
scyther,123,70,110,80,55,80,105,1.5,56.0,bug,flying
jynx,124,65,50,35,115,95,95,1.4,40.6,ice,psychic
electabuzz,125,65,83,57,95,85,105,1.1,30.0,electric,
magmar,126,65,95,57,100,85,93,1.3,44.5,fire,
pinsir,127,65,125,100,55,70,85,1.5,55.0,bug,
tauros,128,75,100,95,40,70,110,1.4,88.4,normal,
magikarp,129,20,10,55,15,20,80,0.9,10.0,water,
gyarados,130,95,125,79,60,100,81,6.5,235.0,water,flying
lapras,131,130,85,80,85,95,60,2.5,220.0,water,ice
ditto,132,48,48,48,48,48,48,0.3,4.0,normal,
eevee,133,55,55,50,45,65,55,0.3,6.5,normal,
vaporeon,134,130,65,60,110,95,65,1.0,29.0,water,
jolteon,135,65,65,60,110,95,130,0.8,24.5,electric,
flareon,136,65,130,60,95,110,65,0.9,25.0,fire,
porygon,137,65,60,70,85,75,40,0.8,36.5,normal,
omanyte,138,35,40,100,90,55,35,0.4,7.5,rock,water
omastar,139,70,60,125,115,70,55,1.0,35.0,rock,water
kabuto,140,30,80,90,55,45,55,0.5,11.5,rock,water
kabutops,141,60,115,105,65,70,80,1.3,40.5,rock,water
aerodactyl,142,80,105,65,60,75,130,1.8,59.0,rock,flying
snorlax,143,160,110,65,65,110,30,2.1,460.0,normal,
articuno,144,90,85,100,95,125,85,1.7,55.4,ice,flying
zapdos,145,90,90,85,125,90,100,1.6,52.6,electric,flying
moltres,146,90,100,90,125,85,90,2.0,60.0,fire,flying
dratini,147,41,64,45,50,50,50,1.8,3.3,dragon,
dragonair,148,61,84,65,70,70,70,4.0,16.5,dragon,
dragonite,149,91,134,95,100,100,80,2.2,210.0,dragon,flying
mewtwo,150,106,110,90,154,90,130,2.0,122.0,psychic,
mew,151,100,100,100,100,100,100,0.4,4.0,psychic,
chikorita,152,45,49,65,49,65,45,0.9,6.4,grass,
bayleef,153,60,62,80,63,80,60,1.2,15.8,grass,
meganium,154,80,82,100,83,100,80,1.8,100.5,grass,
cyndaquil,155,39,52,43,60,50,65,0.5,7.9,fire,
quilava,156,58,64,58,80,65,80,0.9,19.0,fire,
typhlosion,157,78,84,78,109,85,100,1.7,79.5,fire,
totodile,158,50,65,64,44,48,43,0.6,9.5,water,
croconaw,159,65,80,80,59,63,58,1.1,25.0,water,
feraligatr,160,85,105,100,79,83,78,2.3,88.8,water,
sentret,161,35,46,34,35,45,20,0.8,6.0,normal,
furret,162,85,76,64,45,55,90,1.8,32.5,normal,
hoothoot,163,60,30,30,36,56,50,0.7,21.2,normal,flying
noctowl,164,100,50,50,86,96,70,1.6,40.8,normal,flying
ledyba,165,40,20,30,40,80,55,1.0,10.8,bug,flying
ledian,166,55,35,50,55,110,85,1.4,35.6,bug,flying
spinarak,167,40,60,40,40,40,30,0.5,8.5,bug,poison
ariados,168,70,90,70,60,70,40,1.1,33.5,bug,poison
crobat,169,85,90,80,70,80,130,1.8,75.0,poison,flying
chinchou,170,75,38,38,56,56,67,0.5,12.0,water,electric
lanturn,171,125,58,58,76,76,67,1.2,22.5,water,electric
pichu,172,20,40,15,35,35,60,0.3,2.0,electric,
cleffa,173,50,25,28,45,55,15,0.3,3.0,fairy,
igglybuff,174,90,30,15,40,20,15,0.3,1.0,normal,fairy
togepi,175,35,20,65,40,65,20,0.3,1.5,fairy,
togetic,176,55,40,85,80,105,40,0.6,3.2,fairy,flying
natu,177,40,50,45,70,45,70,0.2,2.0,psychic,flying
xatu,178,65,75,70,95,70,95,1.5,15.0,psychic,flying
mareep,179,55,40,40,65,45,35,0.6,7.8,electric,
flaaffy,180,70,55,55,80,60,45,0.8,13.3,electric,
ampharos,181,90,75,85,115,90,55,1.4,61.5,electric,
bellossom,182,75,80,95,90,100,50,0.4,5.8,grass,
marill,183,70,20,50,20,50,40,0.4,8.5,water,fairy
azumarill,184,100,50,80,60,80,50,0.8,28.5,water,fairy
sudowoodo,185,70,100,115,30,65,30,1.2,38.0,rock,
politoed,186,90,75,75,90,100,70,1.1,33.9,water,
hoppip,187,35,35,40,35,55,50,0.4,0.5,grass,flying
skiploom,188,55,45,50,45,65,80,0.6,1.0,grass,flying
jumpluff,189,75,55,70,55,95,110,0.8,3.0,grass,flying
aipom,190,55,70,55,40,55,85,0.8,11.5,normal,
sunkern,191,30,30,30,30,30,30,0.3,1.8,grass,
sunflora,192,75,75,55,105,85,30,0.8,8.5,grass,
yanma,193,65,65,45,75,45,95,1.2,38.0,bug,flying
wooper,194,55,45,45,25,25,15,0.4,8.5,water,ground
quagsire,195,95,85,85,65,65,35,1.4,75.0,water,ground
espeon,196,65,65,60,130,95,110,0.9,26.5,psychic,
umbreon,197,95,65,110,60,130,65,1.0,27.0,dark,
murkrow,198,60,85,42,85,42,91,0.5,2.1,dark,flying
slowking,199,95,75,80,100,110,30,2.0,79.5,water,psychic
misdreavus,200,60,60,60,85,85,85,0.7,1.0,ghost,
unown,201,48,72,48,72,48,48,0.5,5.0,psychic,
wobbuffet,202,190,33,58,33,58,33,1.3,28.5,psychic,
girafarig,203,70,80,65,90,65,85,1.5,41.5,normal,psychic
pineco,204,50,65,90,35,35,15,0.6,7.2,bug,
forretress,205,75,90,140,60,60,40,1.2,125.8,bug,steel
dunsparce,206,100,70,70,65,65,45,1.5,14.0,normal,
gligar,207,65,75,105,35,65,85,1.1,64.8,ground,flying
steelix,208,75,85,200,55,65,30,9.2,400.0,steel,ground
snubbull,209,60,80,50,40,40,30,0.6,7.8,fairy,
granbull,210,90,120,75,60,60,45,1.4,48.7,fairy,
qwilfish,211,65,95,85,55,55,85,0.5,3.9,water,poison
scizor,212,70,130,100,55,80,65,1.8,118.0,bug,steel
shuckle,213,20,10,230,10,230,5,0.6,20.5,bug,rock
heracross,214,80,125,75,40,95,85,1.5,54.0,bug,fighting
sneasel,215,55,95,55,35,75,115,0.9,28.0,dark,ice
teddiursa,216,60,80,50,50,50,40,0.6,8.8,normal,
ursaring,217,90,130,75,75,75,55,1.8,125.8,normal,
slugma,218,40,40,40,70,40,20,0.7,35.0,fire,
magcargo,219,60,50,120,90,80,30,0.8,55.0,fire,rock
swinub,220,50,50,40,30,30,50,0.4,6.5,ice,ground
piloswine,221,100,100,80,60,60,50,1.1,55.8,ice,ground
corsola,222,65,55,95,65,95,35,0.6,5.0,water,rock
remoraid,223,35,65,35,65,35,65,0.6,12.0,water,
octillery,224,75,105,75,105,75,45,0.9,28.5,water,
delibird,225,45,55,45,65,45,75,0.9,16.0,ice,flying
mantine,226,85,40,70,80,140,70,2.1,220.0,water,flying
skarmory,227,65,80,140,40,70,70,1.7,50.5,steel,flying
houndour,228,45,60,30,80,50,65,0.6,10.8,dark,fire
houndoom,229,75,90,50,110,80,95,1.4,35.0,dark,fire
kingdra,230,75,95,95,95,95,85,1.8,152.0,water,dragon
phanpy,231,90,60,60,40,40,40,0.5,33.5,ground,
donphan,232,90,120,120,60,60,50,1.1,120.0,ground,
porygon2,233,85,80,90,105,95,60,0.6,32.5,normal,
stantler,234,73,95,62,85,65,85,1.4,71.2,normal,
smeargle,235,55,20,35,20,45,75,1.2,58.0,normal,
tyrogue,236,35,35,35,35,35,35,0.7,21.0,fighting,
hitmontop,237,50,95,95,35,110,70,1.4,48.0,fighting,
smoochum,238,45,30,15,85,65,65,0.4,6.0,ice,psychic
elekid,239,45,63,37,65,55,95,0.6,23.5,electric,
magby,240,45,75,37,70,55,83,0.7,21.4,fire,
miltank,241,95,80,105,40,70,100,1.2,75.5,normal,
blissey,242,255,10,10,75,135,55,1.5,46.8,normal,
raikou,243,90,85,75,115,100,115,1.9,178.0,electric,
entei,244,115,115,85,90,75,100,2.1,198.0,fire,
suicune,245,100,75,115,90,115,85,2.0,187.0,water,
larvitar,246,50,64,50,45,50,41,0.6,72.0,rock,ground
pupitar,247,70,84,70,65,70,51,1.2,152.0,rock,ground
tyranitar,248,100,134,110,95,100,61,2.0,202.0,rock,dark
lugia,249,106,90,130,90,154,110,5.2,216.0,psychic,flying
ho-oh,250,106,130,90,110,154,90,3.8,199.0,fire,flying
celebi,251,100,100,100,100,100,100,0.6,5.0,psychic,grass
treecko,252,40,45,35,65,55,70,0.5,5.0,grass,
grovyle,253,50,65,45,85,65,95,0.9,21.6,grass,
sceptile,254,70,85,65,105,85,120,1.7,52.2,grass,
torchic,255,45,60,40,70,50,45,0.4,2.5,fire,
combusken,256,60,85,60,85,60,55,0.9,19.5,fire,fighting
blaziken,257,80,120,70,110,70,80,1.9,52.0,fire,fighting
mudkip,258,50,70,50,50,50,40,0.4,7.6,water,
marshtomp,259,70,85,70,60,70,50,0.7,28.0,water,ground
swampert,260,100,110,90,85,90,60,1.5,81.9,water,ground
poochyena,261,35,55,35,30,30,35,0.5,13.6,dark,
mightyena,262,70,90,70,60,60,70,1.0,37.0,dark,
zigzagoon,263,38,30,41,30,41,60,0.4,17.5,normal,
linoone,264,78,70,61,50,61,100,0.5,32.5,normal,
wurmple,265,45,45,35,20,30,20,0.3,3.6,bug,
silcoon,266,50,35,55,25,25,15,0.6,10.0,bug,
beautifly,267,60,70,50,100,50,65,1.0,28.4,bug,flying
cascoon,268,50,35,55,25,25,15,0.7,11.5,bug,
dustox,269,60,50,70,50,90,65,1.2,31.6,bug,poison
lotad,270,40,30,30,40,50,30,0.5,2.6,water,grass
lombre,271,60,50,50,60,70,50,1.2,32.5,water,grass
ludicolo,272,80,70,70,90,100,70,1.5,55.0,water,grass
seedot,273,40,40,50,30,30,30,0.5,4.0,grass,
nuzleaf,274,70,70,40,60,40,60,1.0,28.0,grass,dark
shiftry,275,90,100,60,90,60,80,1.3,59.6,grass,dark
taillow,276,40,55,30,30,30,85,0.3,2.3,normal,flying
swellow,277,60,85,60,75,50,125,0.7,19.8,normal,flying
wingull,278,40,30,30,55,30,85,0.6,9.5,water,flying
pelipper,279,60,50,100,95,70,65,1.2,28.0,water,flying
ralts,280,28,25,25,45,35,40,0.4,6.6,psychic,fairy
kirlia,281,38,35,35,65,55,50,0.8,20.2,psychic,fairy
gardevoir,282,68,65,65,125,115,80,1.6,48.4,psychic,fairy
surskit,283,40,30,32,50,52,65,0.5,1.7,bug,water
masquerain,284,70,60,62,100,82,80,0.8,3.6,bug,flying
shroomish,285,60,40,60,40,60,35,0.4,4.5,grass,
breloom,286,60,130,80,60,60,70,1.2,39.2,grass,fighting
slakoth,287,60,60,60,35,35,30,0.8,24.0,normal,
vigoroth,288,80,80,80,55,55,90,1.4,46.5,normal,
slaking,289,150,160,100,95,65,100,2.0,130.5,normal,
nincada,290,31,45,90,30,30,40,0.5,5.5,bug,ground
ninjask,291,61,90,45,50,50,160,0.8,12.0,bug,flying
shedinja,292,1,90,45,30,30,40,0.8,1.2,bug,ghost
whismur,293,64,51,23,51,23,28,0.6,16.3,normal,
loudred,294,84,71,43,71,43,48,1.0,40.5,normal,
exploud,295,104,91,63,91,73,68,1.5,84.0,normal,
makuhita,296,72,60,30,20,30,25,1.0,86.4,fighting,
hariyama,297,144,120,60,40,60,50,2.3,253.8,fighting,
azurill,298,50,20,40,20,40,20,0.2,2.0,normal,fairy
nosepass,299,30,45,135,45,90,30,1.0,97.0,rock,
skitty,300,50,45,45,35,35,50,0.6,11.0,normal,
delcatty,301,70,65,65,55,55,90,1.1,32.6,normal,
sableye,302,50,75,75,65,65,50,0.5,11.0,dark,ghost
mawile,303,50,85,85,55,55,50,0.6,11.5,steel,fairy
aron,304,50,70,100,40,40,30,0.4,60.0,steel,rock
lairon,305,60,90,140,50,50,40,0.9,120.0,steel,rock
aggron,306,70,110,180,60,60,50,2.1,360.0,steel,rock
meditite,307,30,40,55,40,55,60,0.6,11.2,fighting,psychic
medicham,308,60,60,75,60,75,80,1.3,31.5,fighting,psychic
electrike,309,40,45,40,65,40,65,0.6,15.2,electric,
manectric,310,70,75,60,105,60,105,1.5,40.2,electric,
plusle,311,60,50,40,85,75,95,0.4,4.2,electric,
minun,312,60,40,50,75,85,95,0.4,4.2,electric,
volbeat,313,65,73,75,47,85,85,0.7,17.7,bug,
illumise,314,65,47,75,73,85,85,0.6,17.7,bug,
roselia,315,50,60,45,100,80,65,0.3,2.0,grass,poison
gulpin,316,70,43,53,43,53,40,0.4,10.3,poison,
swalot,317,100,73,83,73,83,55,1.7,80.0,poison,
carvanha,318,45,90,20,65,20,65,0.8,20.8,water,dark
sharpedo,319,70,120,40,95,40,95,1.8,88.8,water,dark
wailmer,320,130,70,35,70,35,60,2.0,130.0,water,
wailord,321,170,90,45,90,45,60,14.5,398.0,water,
numel,322,60,60,40,65,45,35,0.7,24.0,fire,ground
camerupt,323,70,100,70,105,75,40,1.9,220.0,fire,ground
torkoal,324,70,85,140,85,70,20,0.5,80.4,fire,
spoink,325,60,25,35,70,80,60,0.7,30.6,psychic,
grumpig,326,80,45,65,90,110,80,0.9,71.5,psychic,
spinda,327,60,60,60,60,60,60,1.1,5.0,normal,
trapinch,328,45,100,45,45,45,10,0.7,15.0,ground,
vibrava,329,50,70,50,50,50,70,1.1,15.3,ground,dragon
flygon,330,80,100,80,80,80,100,2.0,82.0,ground,dragon
cacnea,331,50,85,40,85,40,35,0.4,51.3,grass,
cacturne,332,70,115,60,115,60,55,1.3,77.4,grass,dark
swablu,333,45,40,60,40,75,50,0.4,1.2,normal,flying
altaria,334,75,70,90,70,105,80,1.1,20.6,dragon,flying
zangoose,335,73,115,60,60,60,90,1.3,40.3,normal,
seviper,336,73,100,60,100,60,65,2.7,52.5,poison,
lunatone,337,90,55,65,95,85,70,1.0,168.0,rock,psychic
solrock,338,90,95,85,55,65,70,1.2,154.0,rock,psychic
barboach,339,50,48,43,46,41,60,0.4,1.9,water,ground
whiscash,340,110,78,73,76,71,60,0.9,23.6,water,ground
corphish,341,43,80,65,50,35,35,0.6,11.5,water,
crawdaunt,342,63,120,85,90,55,55,1.1,32.8,water,dark
baltoy,343,40,40,55,40,70,55,0.5,21.5,ground,psychic
claydol,344,60,70,105,70,120,75,1.5,108.0,ground,psychic
lileep,345,66,41,77,61,87,23,1.0,23.8,rock,grass
cradily,346,86,81,97,81,107,43,1.5,60.4,rock,grass
anorith,347,45,95,50,40,50,75,0.7,12.5,rock,bug
armaldo,348,75,125,100,70,80,45,1.5,68.2,rock,bug
feebas,349,20,15,20,10,55,80,0.6,7.4,water,
milotic,350,95,60,79,100,125,81,6.2,162.0,water,
castform,351,70,70,70,70,70,70,0.3,0.8,normal,
kecleon,352,60,90,70,60,120,40,1.0,22.0,normal,
shuppet,353,44,75,35,63,33,45,0.6,2.3,ghost,
banette,354,64,115,65,83,63,65,1.1,12.5,ghost,
duskull,355,20,40,90,30,90,25,0.8,15.0,ghost,
dusclops,356,40,70,130,60,130,25,1.6,30.6,ghost,
tropius,357,99,68,83,72,87,51,2.0,100.0,grass,flying
chimecho,358,75,50,80,95,90,65,0.6,1.0,psychic,
absol,359,65,130,60,75,60,75,1.2,47.0,dark,
wynaut,360,95,23,48,23,48,23,0.6,14.0,psychic,
snorunt,361,50,50,50,50,50,50,0.7,16.8,ice,
glalie,362,80,80,80,80,80,80,1.5,256.5,ice,
spheal,363,70,40,50,55,50,25,0.8,39.5,ice,water
sealeo,364,90,60,70,75,70,45,1.1,87.6,ice,water
walrein,365,110,80,90,95,90,65,1.4,150.6,ice,water
clamperl,366,35,64,85,74,55,32,0.4,52.5,water,
huntail,367,55,104,105,94,75,52,1.7,27.0,water,
gorebyss,368,55,84,105,114,75,52,1.8,22.6,water,
relicanth,369,100,90,130,45,65,55,1.0,23.4,water,rock
luvdisc,370,43,30,55,40,65,97,0.6,8.7,water,
bagon,371,45,75,60,40,30,50,0.6,42.1,dragon,
shelgon,372,65,95,100,60,50,50,1.1,110.5,dragon,
salamence,373,95,135,80,110,80,100,1.5,102.6,dragon,flying
beldum,374,40,55,80,35,60,30,0.6,95.2,steel,psychic
metang,375,60,75,100,55,80,50,1.2,202.5,steel,psychic
metagross,376,80,135,130,95,90,70,1.6,550.0,steel,psychic
regirock,377,80,100,200,50,100,50,1.7,230.0,rock,
regice,378,80,50,100,100,200,50,1.8,175.0,ice,
registeel,379,80,75,150,75,150,50,1.9,205.0,steel,
latias,380,80,80,90,110,130,110,1.4,40.0,dragon,psychic
latios,381,80,90,80,130,110,110,2.0,60.0,dragon,psychic
kyogre,382,100,100,90,150,140,90,4.5,352.0,water,
groudon,383,100,150,140,100,90,90,3.5,950.0,ground,
rayquaza,384,105,150,90,150,90,95,7.0,206.5,dragon,flying
jirachi,385,100,100,100,100,100,100,0.3,1.1,steel,psychic
deoxys-normal,386,50,150,50,150,50,150,1.7,60.8,psychic,
turtwig,387,55,68,64,45,55,31,0.4,10.2,grass,
grotle,388,75,89,85,55,65,36,1.1,97.0,grass,
torterra,389,95,109,105,75,85,56,2.2,310.0,grass,ground
chimchar,390,44,58,44,58,44,61,0.5,6.2,fire,
monferno,391,64,78,52,78,52,81,0.9,22.0,fire,fighting
infernape,392,76,104,71,104,71,108,1.2,55.0,fire,fighting
piplup,393,53,51,53,61,56,40,0.4,5.2,water,
prinplup,394,64,66,68,81,76,50,0.8,23.0,water,
empoleon,395,84,86,88,111,101,60,1.7,84.5,water,steel
starly,396,40,55,30,30,30,60,0.3,2.0,normal,flying
staravia,397,55,75,50,40,40,80,0.6,15.5,normal,flying
staraptor,398,85,120,70,50,60,100,1.2,24.9,normal,flying
bidoof,399,59,45,40,35,40,31,0.5,20.0,normal,
bibarel,400,79,85,60,55,60,71,1.0,31.5,normal,water
kricketot,401,37,25,41,25,41,25,0.3,2.2,bug,
kricketune,402,77,85,51,55,51,65,1.0,25.5,bug,
shinx,403,45,65,34,40,34,45,0.5,9.5,electric,
luxio,404,60,85,49,60,49,60,0.9,30.5,electric,
luxray,405,80,120,79,95,79,70,1.4,42.0,electric,
budew,406,40,30,35,50,70,55,0.2,1.2,grass,poison
roserade,407,60,70,65,125,105,90,0.9,14.5,grass,poison
cranidos,408,67,125,40,30,30,58,0.9,31.5,rock,
rampardos,409,97,165,60,65,50,58,1.6,102.5,rock,
shieldon,410,30,42,118,42,88,30,0.5,57.0,rock,steel
bastiodon,411,60,52,168,47,138,30,1.3,149.5,rock,steel
burmy,412,40,29,45,29,45,36,0.2,3.4,bug,
wormadam-plant,413,60,59,85,79,105,36,0.5,6.5,bug,grass
mothim,414,70,94,50,94,50,66,0.9,23.3,bug,flying
combee,415,30,30,42,30,42,70,0.3,5.5,bug,flying
vespiquen,416,70,80,102,80,102,40,1.2,38.5,bug,flying
pachirisu,417,60,45,70,45,90,95,0.4,3.9,electric,
buizel,418,55,65,35,60,30,85,0.7,29.5,water,
floatzel,419,85,105,55,85,50,115,1.1,33.5,water,
cherubi,420,45,35,45,62,53,35,0.4,3.3,grass,
cherrim,421,70,60,70,87,78,85,0.5,9.3,grass,
shellos,422,76,48,48,57,62,34,0.3,6.3,water,
gastrodon,423,111,83,68,92,82,39,0.9,29.9,water,ground
ambipom,424,75,100,66,60,66,115,1.2,20.3,normal,
drifloon,425,90,50,34,60,44,70,0.4,1.2,ghost,flying
drifblim,426,150,80,44,90,54,80,1.2,15.0,ghost,flying
buneary,427,55,66,44,44,56,85,0.4,5.5,normal,
lopunny,428,65,76,84,54,96,105,1.2,33.3,normal,
mismagius,429,60,60,60,105,105,105,0.9,4.4,ghost,
honchkrow,430,100,125,52,105,52,71,0.9,27.3,dark,flying
glameow,431,49,55,42,42,37,85,0.5,3.9,normal,
purugly,432,71,82,64,64,59,112,1.0,43.8,normal,
chingling,433,45,30,50,65,50,45,0.2,0.6,psychic,
stunky,434,63,63,47,41,41,74,0.4,19.2,poison,dark
skuntank,435,103,93,67,71,61,84,1.0,38.0,poison,dark
bronzor,436,57,24,86,24,86,23,0.5,60.5,steel,psychic
bronzong,437,67,89,116,79,116,33,1.3,187.0,steel,psychic
bonsly,438,50,80,95,10,45,10,0.5,15.0,rock,
mime-jr,439,20,25,45,70,90,60,0.6,13.0,psychic,fairy
happiny,440,100,5,5,15,65,30,0.6,24.4,normal,
chatot,441,76,65,45,92,42,91,0.5,1.9,normal,flying
spiritomb,442,50,92,108,92,108,35,1.0,108.0,ghost,dark
gible,443,58,70,45,40,45,42,0.7,20.5,dragon,ground
gabite,444,68,90,65,50,55,82,1.4,56.0,dragon,ground
garchomp,445,108,130,95,80,85,102,1.9,95.0,dragon,ground
munchlax,446,135,85,40,40,85,5,0.6,105.0,normal,
riolu,447,40,70,40,35,40,60,0.7,20.2,fighting,
lucario,448,70,110,70,115,70,90,1.2,54.0,fighting,steel
hippopotas,449,68,72,78,38,42,32,0.8,49.5,ground,
hippowdon,450,108,112,118,68,72,47,2.0,300.0,ground,
skorupi,451,40,50,90,30,55,65,0.8,12.0,poison,bug
drapion,452,70,90,110,60,75,95,1.3,61.5,poison,dark
croagunk,453,48,61,40,61,40,50,0.7,23.0,poison,fighting
toxicroak,454,83,106,65,86,65,85,1.3,44.4,poison,fighting
carnivine,455,74,100,72,90,72,46,1.4,27.0,grass,
finneon,456,49,49,56,49,61,66,0.4,7.0,water,
lumineon,457,69,69,76,69,86,91,1.2,24.0,water,
mantyke,458,45,20,50,60,120,50,1.0,65.0,water,flying
snover,459,60,62,50,62,60,40,1.0,50.5,grass,ice
abomasnow,460,90,92,75,92,85,60,2.2,135.5,grass,ice
weavile,461,70,120,65,45,85,125,1.1,34.0,dark,ice
magnezone,462,70,70,115,130,90,60,1.2,180.0,electric,steel
lickilicky,463,110,85,95,80,95,50,1.7,140.0,normal,
rhyperior,464,115,140,130,55,55,40,2.4,282.8,ground,rock
tangrowth,465,100,100,125,110,50,50,2.0,128.6,grass,
electivire,466,75,123,67,95,85,95,1.8,138.6,electric,
magmortar,467,75,95,67,125,95,83,1.6,68.0,fire,
togekiss,468,85,50,95,120,115,80,1.5,38.0,fairy,flying
yanmega,469,86,76,86,116,56,95,1.9,51.5,bug,flying
leafeon,470,65,110,130,60,65,95,1.0,25.5,grass,
glaceon,471,65,60,110,130,95,65,0.8,25.9,ice,
gliscor,472,75,95,125,45,75,95,2.0,42.5,ground,flying
mamoswine,473,110,130,80,70,60,80,2.5,291.0,ice,ground
porygon-z,474,85,80,70,135,75,90,0.9,34.0,normal,
gallade,475,68,125,65,65,115,80,1.6,52.0,psychic,fighting
probopass,476,60,55,145,75,150,40,1.4,340.0,rock,steel
dusknoir,477,45,100,135,65,135,45,2.2,106.6,ghost,
froslass,478,70,80,70,80,70,110,1.3,26.6,ice,ghost
rotom,479,50,50,77,95,77,91,0.3,0.3,electric,ghost
uxie,480,75,75,130,75,130,95,0.3,0.3,psychic,
mesprit,481,80,105,105,105,105,80,0.3,0.3,psychic,
azelf,482,75,125,70,125,70,115,0.3,0.3,psychic,
dialga,483,100,120,120,150,100,90,5.4,683.0,steel,dragon
palkia,484,90,120,100,150,120,100,4.2,336.0,water,dragon
heatran,485,91,90,106,130,106,77,1.7,430.0,fire,steel
regigigas,486,110,160,110,80,110,100,3.7,420.0,normal,
giratina-altered,487,150,100,120,100,120,90,4.5,750.0,ghost,dragon
cresselia,488,120,70,110,75,120,85,1.5,85.6,psychic,
phione,489,80,80,80,80,80,80,0.4,3.1,water,
manaphy,490,100,100,100,100,100,100,0.3,1.4,water,
darkrai,491,70,90,90,135,90,125,1.5,50.5,dark,
shaymin-land,492,100,100,100,100,100,100,0.2,2.1,grass,
arceus,493,120,120,120,120,120,120,3.2,320.0,normal,
victini,494,100,100,100,100,100,100,0.4,4.0,psychic,fire
snivy,495,45,45,55,45,55,63,0.6,8.1,grass,
servine,496,60,60,75,60,75,83,0.8,16.0,grass,
serperior,497,75,75,95,75,95,113,3.3,63.0,grass,
tepig,498,65,63,45,45,45,45,0.5,9.9,fire,
pignite,499,90,93,55,70,55,55,1.0,55.5,fire,fighting
emboar,500,110,123,65,100,65,65,1.6,150.0,fire,fighting
oshawott,501,55,55,45,63,45,45,0.5,5.9,water,
dewott,502,75,75,60,83,60,60,0.8,24.5,water,
samurott,503,95,100,85,108,70,70,1.5,94.6,water,
patrat,504,45,55,39,35,39,42,0.5,11.6,normal,
watchog,505,60,85,69,60,69,77,1.1,27.0,normal,
lillipup,506,45,60,45,25,45,55,0.4,4.1,normal,
herdier,507,65,80,65,35,65,60,0.9,14.7,normal,
stoutland,508,85,110,90,45,90,80,1.2,61.0,normal,
purrloin,509,41,50,37,50,37,66,0.4,10.1,dark,
liepard,510,64,88,50,88,50,106,1.1,37.5,dark,
pansage,511,50,53,48,53,48,64,0.6,10.5,grass,
simisage,512,75,98,63,98,63,101,1.1,30.5,grass,
pansear,513,50,53,48,53,48,64,0.6,11.0,fire,
simisear,514,75,98,63,98,63,101,1.0,28.0,fire,
panpour,515,50,53,48,53,48,64,0.6,13.5,water,
simipour,516,75,98,63,98,63,101,1.0,29.0,water,
munna,517,76,25,45,67,55,24,0.6,23.3,psychic,
musharna,518,116,55,85,107,95,29,1.1,60.5,psychic,
pidove,519,50,55,50,36,30,43,0.3,2.1,normal,flying
tranquill,520,62,77,62,50,42,65,0.6,15.0,normal,flying
unfezant,521,80,115,80,65,55,93,1.2,29.0,normal,flying
blitzle,522,45,60,32,50,32,76,0.8,29.8,electric,
zebstrika,523,75,100,63,80,63,116,1.6,79.5,electric,
roggenrola,524,55,75,85,25,25,15,0.4,18.0,rock,
boldore,525,70,105,105,50,40,20,0.9,102.0,rock,
gigalith,526,85,135,130,60,80,25,1.7,260.0,rock,
woobat,527,65,45,43,55,43,72,0.4,2.1,psychic,flying
swoobat,528,67,57,55,77,55,114,0.9,10.5,psychic,flying
drilbur,529,60,85,40,30,45,68,0.3,8.5,ground,
excadrill,530,110,135,60,50,65,88,0.7,40.4,ground,steel
audino,531,103,60,86,60,86,50,1.1,31.0,normal,
timburr,532,75,80,55,25,35,35,0.6,12.5,fighting,
gurdurr,533,85,105,85,40,50,40,1.2,40.0,fighting,
conkeldurr,534,105,140,95,55,65,45,1.4,87.0,fighting,
tympole,535,50,50,40,50,40,64,0.5,4.5,water,
palpitoad,536,75,65,55,65,55,69,0.8,17.0,water,ground
seismitoad,537,105,95,75,85,75,74,1.5,62.0,water,ground
throh,538,120,100,85,30,85,45,1.3,55.5,fighting,
sawk,539,75,125,75,30,75,85,1.4,51.0,fighting,
sewaddle,540,45,53,70,40,60,42,0.3,2.5,bug,grass
swadloon,541,55,63,90,50,80,42,0.5,7.3,bug,grass
leavanny,542,75,103,80,70,80,92,1.2,20.5,bug,grass
venipede,543,30,45,59,30,39,57,0.4,5.3,bug,poison
whirlipede,544,40,55,99,40,79,47,1.2,58.5,bug,poison
scolipede,545,60,100,89,55,69,112,2.5,200.5,bug,poison
cottonee,546,40,27,60,37,50,66,0.3,0.6,grass,fairy
whimsicott,547,60,67,85,77,75,116,0.7,6.6,grass,fairy
petilil,548,45,35,50,70,50,30,0.5,6.6,grass,
lilligant,549,70,60,75,110,75,90,1.1,16.3,grass,
basculin-red-striped,550,70,92,65,80,55,98,1.0,18.0,water,
sandile,551,50,72,35,35,35,65,0.7,15.2,ground,dark
krokorok,552,60,82,45,45,45,74,1.0,33.4,ground,dark
krookodile,553,95,117,80,65,70,92,1.5,96.3,ground,dark
darumaka,554,70,90,45,15,45,50,0.6,37.5,fire,
darmanitan-standard,555,105,140,55,30,55,95,1.3,92.9,fire,
maractus,556,75,86,67,106,67,60,1.0,28.0,grass,
dwebble,557,50,65,85,35,35,55,0.3,14.5,bug,rock
crustle,558,70,105,125,65,75,45,1.4,200.0,bug,rock
scraggy,559,50,75,70,35,70,48,0.6,11.8,dark,fighting
scrafty,560,65,90,115,45,115,58,1.1,30.0,dark,fighting
sigilyph,561,72,58,80,103,80,97,1.4,14.0,psychic,flying
yamask,562,38,30,85,55,65,30,0.5,1.5,ghost,
cofagrigus,563,58,50,145,95,105,30,1.7,76.5,ghost,
tirtouga,564,54,78,103,53,45,22,0.7,16.5,water,rock
carracosta,565,74,108,133,83,65,32,1.2,81.0,water,rock
archen,566,55,112,45,74,45,70,0.5,9.5,rock,flying
archeops,567,75,140,65,112,65,110,1.4,32.0,rock,flying
trubbish,568,50,50,62,40,62,65,0.6,31.0,poison,
garbodor,569,80,95,82,60,82,75,1.9,107.3,poison,
zorua,570,40,65,40,80,40,65,0.7,12.5,dark,
zoroark,571,60,105,60,120,60,105,1.6,81.1,dark,
minccino,572,55,50,40,40,40,75,0.4,5.8,normal,
cinccino,573,75,95,60,65,60,115,0.5,7.5,normal,
gothita,574,45,30,50,55,65,45,0.4,5.8,psychic,
gothorita,575,60,45,70,75,85,55,0.7,18.0,psychic,
gothitelle,576,70,55,95,95,110,65,1.5,44.0,psychic,
solosis,577,45,30,40,105,50,20,0.3,1.0,psychic,
duosion,578,65,40,50,125,60,30,0.6,8.0,psychic,
reuniclus,579,110,65,75,125,85,30,1.0,20.1,psychic,
ducklett,580,62,44,50,44,50,55,0.5,5.5,water,flying
swanna,581,75,87,63,87,63,98,1.3,24.2,water,flying
vanillite,582,36,50,50,65,60,44,0.4,5.7,ice,
vanillish,583,51,65,65,80,75,59,1.1,41.0,ice,
vanilluxe,584,71,95,85,110,95,79,1.3,57.5,ice,
deerling,585,60,60,50,40,50,75,0.6,19.5,normal,grass
sawsbuck,586,80,100,70,60,70,95,1.9,92.5,normal,grass
emolga,587,55,75,60,75,60,103,0.4,5.0,electric,flying
karrablast,588,50,75,45,40,45,60,0.5,5.9,bug,
escavalier,589,70,135,105,60,105,20,1.0,33.0,bug,steel
foongus,590,69,55,45,55,55,15,0.2,1.0,grass,poison
amoonguss,591,114,85,70,85,80,30,0.6,10.5,grass,poison
frillish-male,592,55,40,50,65,85,40,1.2,33.0,water,ghost
jellicent-male,593,100,60,70,85,105,60,2.2,135.0,water,ghost
alomomola,594,165,75,80,40,45,65,1.2,31.6,water,
joltik,595,50,47,50,57,50,65,0.1,0.6,bug,electric
galvantula,596,70,77,60,97,60,108,0.8,14.3,bug,electric
ferroseed,597,44,50,91,24,86,10,0.6,18.8,grass,steel
ferrothorn,598,74,94,131,54,116,20,1.0,110.0,grass,steel
klink,599,40,55,70,45,60,30,0.3,21.0,steel,
klang,600,60,80,95,70,85,50,0.6,51.0,steel,
klinklang,601,60,100,115,70,85,90,0.6,81.0,steel,
tynamo,602,35,55,40,45,40,60,0.2,0.3,electric,
eelektrik,603,65,85,70,75,70,40,1.2,22.0,electric,
eelektross,604,85,115,80,105,80,50,2.1,80.5,electric,
elgyem,605,55,55,55,85,55,30,0.5,9.0,psychic,
beheeyem,606,75,75,75,125,95,40,1.0,34.5,psychic,
litwick,607,50,30,55,65,55,20,0.3,3.1,ghost,fire
lampent,608,60,40,60,95,60,55,0.6,13.0,ghost,fire
chandelure,609,60,55,90,145,90,80,1.0,34.3,ghost,fire
axew,610,46,87,60,30,40,57,0.6,18.0,dragon,
fraxure,611,66,117,70,40,50,67,1.0,36.0,dragon,
haxorus,612,76,147,90,60,70,97,1.8,105.5,dragon,
cubchoo,613,55,70,40,60,40,40,0.5,8.5,ice,
beartic,614,95,130,80,70,80,50,2.6,260.0,ice,
cryogonal,615,80,50,50,95,135,105,1.1,148.0,ice,
shelmet,616,50,40,85,40,65,25,0.4,7.7,bug,
accelgor,617,80,70,40,100,60,145,0.8,25.3,bug,
stunfisk,618,109,66,84,81,99,32,0.7,11.0,ground,electric
mienfoo,619,45,85,50,55,50,65,0.9,20.0,fighting,
mienshao,620,65,125,60,95,60,105,1.4,35.5,fighting,
druddigon,621,77,120,90,60,90,48,1.6,139.0,dragon,
golett,622,59,74,50,35,50,35,1.0,92.0,ground,ghost
golurk,623,89,124,80,55,80,55,2.8,330.0,ground,ghost
pawniard,624,45,85,70,40,40,60,0.5,10.2,dark,steel
bisharp,625,65,125,100,60,70,70,1.6,70.0,dark,steel
bouffalant,626,95,110,95,40,95,55,1.6,94.6,normal,
rufflet,627,70,83,50,37,50,60,0.5,10.5,normal,flying
braviary,628,100,123,75,57,75,80,1.5,41.0,normal,flying
vullaby,629,70,55,75,45,65,60,0.5,9.0,dark,flying
mandibuzz,630,110,65,105,55,95,80,1.2,39.5,dark,flying
heatmor,631,85,97,66,105,66,65,1.4,58.0,fire,
durant,632,58,109,112,48,48,109,0.3,33.0,bug,steel
deino,633,52,65,50,45,50,38,0.8,17.3,dark,dragon
zweilous,634,72,85,70,65,70,58,1.4,50.0,dark,dragon
hydreigon,635,92,105,90,125,90,98,1.8,160.0,dark,dragon
larvesta,636,55,85,55,50,55,60,1.1,28.8,bug,fire
volcarona,637,85,60,65,135,105,100,1.6,46.0,bug,fire
cobalion,638,91,90,129,90,72,108,2.1,250.0,steel,fighting
terrakion,639,91,129,90,72,90,108,1.9,260.0,rock,fighting
virizion,640,91,90,72,90,129,108,2.0,200.0,grass,fighting
tornadus-incarnate,641,79,115,70,125,80,111,1.5,63.0,flying,
thundurus-incarnate,642,79,115,70,125,80,111,1.5,61.0,electric,flying
reshiram,643,100,120,100,150,120,90,3.2,330.0,dragon,fire
zekrom,644,100,150,120,120,100,90,2.9,345.0,dragon,electric
landorus-incarnate,645,89,125,90,115,80,101,1.5,68.0,ground,flying
kyurem,646,125,130,90,130,90,95,3.0,325.0,dragon,ice
keldeo-ordinary,647,91,72,90,129,90,108,1.4,48.5,water,fighting
meloetta-aria,648,100,77,77,128,128,90,0.6,6.5,normal,psychic
genesect,649,71,120,95,120,95,99,1.5,82.5,bug,steel
chespin,650,56,61,65,48,45,38,0.4,9.0,grass,
quilladin,651,61,78,95,56,58,57,0.7,29.0,grass,
chesnaught,652,88,107,122,74,75,64,1.6,90.0,grass,fighting
fennekin,653,40,45,40,62,60,60,0.4,9.4,fire,
braixen,654,59,59,58,90,70,73,1.0,14.5,fire,
delphox,655,75,69,72,114,100,104,1.5,39.0,fire,psychic
froakie,656,41,56,40,62,44,71,0.3,7.0,water,
frogadier,657,54,63,52,83,56,97,0.6,10.9,water,
greninja,658,72,95,67,103,71,122,1.5,40.0,water,dark
bunnelby,659,38,36,38,32,36,57,0.4,5.0,normal,
diggersby,660,85,56,77,50,77,78,1.0,42.4,normal,ground
fletchling,661,45,50,43,40,38,62,0.3,1.7,normal,flying
fletchinder,662,62,73,55,56,52,84,0.7,16.0,fire,flying
talonflame,663,78,81,71,74,69,126,1.2,24.5,fire,flying
scatterbug,664,38,35,40,27,25,35,0.3,2.5,bug,
spewpa,665,45,22,60,27,30,29,0.3,8.4,bug,
vivillon,666,80,52,50,90,50,89,1.2,17.0,bug,flying
litleo,667,62,50,58,73,54,72,0.6,13.5,fire,normal
pyroar-male,668,86,68,72,109,66,106,1.5,81.5,fire,normal
flabebe,669,44,38,39,61,79,42,0.1,0.1,fairy,
floette,670,54,45,47,75,98,52,0.2,0.9,fairy,
florges,671,78,65,68,112,154,75,1.1,10.0,fairy,
skiddo,672,66,65,48,62,57,52,0.9,31.0,grass,
gogoat,673,123,100,62,97,81,68,1.7,91.0,grass,
pancham,674,67,82,62,46,48,43,0.6,8.0,fighting,
pangoro,675,95,124,78,69,71,58,2.1,136.0,fighting,dark
furfrou,676,75,80,60,65,90,102,1.2,28.0,normal,
espurr,677,62,48,54,63,60,68,0.3,3.5,psychic,
meowstic-male,678,74,48,76,83,81,104,0.6,8.5,psychic,
honedge,679,45,80,100,35,37,28,0.8,2.0,steel,ghost
doublade,680,59,110,150,45,49,35,0.8,4.5,steel,ghost
aegislash-shield,681,60,50,140,50,140,60,1.7,53.0,steel,ghost
spritzee,682,78,52,60,63,65,23,0.2,0.5,fairy,
aromatisse,683,101,72,72,99,89,29,0.8,15.5,fairy,
swirlix,684,62,48,66,59,57,49,0.4,3.5,fairy,
slurpuff,685,82,80,86,85,75,72,0.8,5.0,fairy,
inkay,686,53,54,53,37,46,45,0.4,3.5,dark,psychic
malamar,687,86,92,88,68,75,73,1.5,47.0,dark,psychic
binacle,688,42,52,67,39,56,50,0.5,31.0,rock,water
barbaracle,689,72,105,115,54,86,68,1.3,96.0,rock,water
skrelp,690,50,60,60,60,60,30,0.5,7.3,poison,water
dragalge,691,65,75,90,97,123,44,1.8,81.5,poison,dragon
clauncher,692,50,53,62,58,63,44,0.5,8.3,water,
clawitzer,693,71,73,88,120,89,59,1.3,35.3,water,
helioptile,694,44,38,33,61,43,70,0.5,6.0,electric,normal
heliolisk,695,62,55,52,109,94,109,1.0,21.0,electric,normal
tyrunt,696,58,89,77,45,45,48,0.8,26.0,rock,dragon
tyrantrum,697,82,121,119,69,59,71,2.5,270.0,rock,dragon
amaura,698,77,59,50,67,63,46,1.3,25.2,rock,ice
aurorus,699,123,77,72,99,92,58,2.7,225.0,rock,ice
sylveon,700,95,65,65,110,130,60,1.0,23.5,fairy,
hawlucha,701,78,92,75,74,63,118,0.8,21.5,fighting,flying
dedenne,702,67,58,57,81,67,101,0.2,2.2,electric,fairy
carbink,703,50,50,150,50,150,50,0.3,5.7,rock,fairy
goomy,704,45,50,35,55,75,40,0.3,2.8,dragon,
sliggoo,705,68,75,53,83,113,60,0.8,17.5,dragon,
goodra,706,90,100,70,110,150,80,2.0,150.5,dragon,
klefki,707,57,80,91,80,87,75,0.2,3.0,steel,fairy
phantump,708,43,70,48,50,60,38,0.4,7.0,ghost,grass
trevenant,709,85,110,76,65,82,56,1.5,71.0,ghost,grass
pumpkaboo-average,710,49,66,70,44,55,51,0.4,5.0,ghost,grass
gourgeist-average,711,65,90,122,58,75,84,0.9,12.5,ghost,grass
bergmite,712,55,69,85,32,35,28,1.0,99.5,ice,
avalugg,713,95,117,184,44,46,28,2.0,505.0,ice,
noibat,714,40,30,35,45,40,55,0.5,8.0,flying,dragon
noivern,715,85,70,80,97,80,123,1.5,85.0,flying,dragon
xerneas,716,126,131,95,131,98,99,3.0,215.0,fairy,
yveltal,717,126,131,95,131,98,99,5.8,203.0,dark,flying
zygarde-50,718,108,100,121,81,95,95,5.0,305.0,dragon,ground
diancie,719,50,100,150,100,150,50,0.7,8.8,rock,fairy
hoopa,720,80,110,60,150,130,70,0.5,9.0,psychic,ghost
volcanion,721,80,110,120,130,90,70,1.7,195.0,fire,water
rowlet,722,68,55,55,50,50,42,0.3,1.5,grass,flying
dartrix,723,78,75,75,70,70,52,0.7,16.0,grass,flying
decidueye,724,78,107,75,100,100,70,1.6,36.6,grass,ghost
litten,725,45,65,40,60,40,70,0.4,4.3,fire,
torracat,726,65,85,50,80,50,90,0.7,25.0,fire,
incineroar,727,95,115,90,80,90,60,1.8,83.0,fire,dark
popplio,728,50,54,54,66,56,40,0.4,7.5,water,
brionne,729,60,69,69,91,81,50,0.6,17.5,water,
primarina,730,80,74,74,126,116,60,1.8,44.0,water,fairy
pikipek,731,35,75,30,30,30,65,0.3,1.2,normal,flying
trumbeak,732,55,85,50,40,50,75,0.6,14.8,normal,flying
toucannon,733,80,120,75,75,75,60,1.1,26.0,normal,flying
yungoos,734,48,70,30,30,30,45,0.4,6.0,normal,
gumshoos,735,88,110,60,55,60,45,0.7,14.2,normal,
grubbin,736,47,62,45,55,45,46,0.4,4.4,bug,
charjabug,737,57,82,95,55,75,36,0.5,10.5,bug,electric
vikavolt,738,77,70,90,145,75,43,1.5,45.0,bug,electric
crabrawler,739,47,82,57,42,47,63,0.6,7.0,fighting,
crabominable,740,97,132,77,62,67,43,1.7,180.0,fighting,ice
oricorio-baile,741,75,70,70,98,70,93,0.6,3.4,fire,flying
cutiefly,742,40,45,40,55,40,84,0.1,0.2,bug,fairy
ribombee,743,60,55,60,95,70,124,0.2,0.5,bug,fairy
rockruff,744,45,65,40,30,40,60,0.5,9.2,rock,
lycanroc-midday,745,75,115,65,55,65,112,0.8,25.0,rock,
wishiwashi-solo,746,45,20,20,25,25,40,0.2,0.3,water,
mareanie,747,50,53,62,43,52,45,0.4,8.0,poison,water
toxapex,748,50,63,152,53,142,35,0.7,14.5,poison,water
mudbray,749,70,100,70,45,55,45,1.0,110.0,ground,
mudsdale,750,100,125,100,55,85,35,2.5,920.0,ground,
dewpider,751,38,40,52,40,72,27,0.3,4.0,water,bug
araquanid,752,68,70,92,50,132,42,1.8,82.0,water,bug
fomantis,753,40,55,35,50,35,35,0.3,1.5,grass,
lurantis,754,70,105,90,80,90,45,0.9,18.5,grass,
morelull,755,40,35,55,65,75,15,0.2,1.5,grass,fairy
shiinotic,756,60,45,80,90,100,30,1.0,11.5,grass,fairy
salandit,757,48,44,40,71,40,77,0.6,4.8,poison,fire
salazzle,758,68,64,60,111,60,117,1.2,22.2,poison,fire
stufful,759,70,75,50,45,50,50,0.5,6.8,normal,fighting
bewear,760,120,125,80,55,60,60,2.1,135.0,normal,fighting
bounsweet,761,42,30,38,30,38,32,0.3,3.2,grass,
steenee,762,52,40,48,40,48,62,0.7,8.2,grass,
tsareena,763,72,120,98,50,98,72,1.2,21.4,grass,
comfey,764,51,52,90,82,110,100,0.1,0.3,fairy,
oranguru,765,90,60,80,90,110,60,1.5,76.0,normal,psychic
passimian,766,100,120,90,40,60,80,2.0,82.8,fighting,
wimpod,767,25,35,40,20,30,80,0.5,12.0,bug,water
golisopod,768,75,125,140,60,90,40,2.0,108.0,bug,water
sandygast,769,55,55,80,70,45,15,0.5,70.0,ghost,ground
palossand,770,85,75,110,100,75,35,1.3,250.0,ghost,ground
pyukumuku,771,55,60,130,30,130,5,0.3,1.2,water,
type-null,772,95,95,95,95,95,59,1.9,120.5,normal,
silvally,773,95,95,95,95,95,95,2.3,100.5,normal,
minior-red-meteor,774,60,60,100,60,100,60,0.3,40.0,rock,flying
komala,775,65,115,65,75,95,65,0.4,19.9,normal,
turtonator,776,60,78,135,91,85,36,2.0,212.0,fire,dragon
togedemaru,777,65,98,63,40,73,96,0.3,3.3,electric,steel
mimikyu-disguised,778,55,90,80,50,105,96,0.2,0.7,ghost,fairy
bruxish,779,68,105,70,70,70,92,0.9,19.0,water,psychic
drampa,780,78,60,85,135,91,36,3.0,185.0,normal,dragon
dhelmise,781,70,131,100,86,90,40,3.9,210.0,ghost,grass
jangmo-o,782,45,55,65,45,45,45,0.6,29.7,dragon,
hakamo-o,783,55,75,90,65,70,65,1.2,47.0,dragon,fighting
kommo-o,784,75,110,125,100,105,85,1.6,78.2,dragon,fighting
tapu-koko,785,70,115,85,95,75,130,1.8,20.5,electric,fairy
tapu-lele,786,70,85,75,130,115,95,1.2,18.6,psychic,fairy
tapu-bulu,787,70,130,115,85,95,75,1.9,45.5,grass,fairy
tapu-fini,788,70,75,115,95,130,85,1.3,21.2,water,fairy
cosmog,789,43,29,31,29,31,37,0.2,0.1,psychic,
cosmoem,790,43,29,131,29,131,37,0.1,999.9,psychic,
solgaleo,791,137,137,107,113,89,97,3.4,230.0,psychic,steel
lunala,792,137,113,89,137,107,97,4.0,120.0,psychic,ghost
nihilego,793,109,53,47,127,131,103,1.2,55.5,rock,poison
buzzwole,794,107,139,139,53,53,79,2.4,333.6,bug,fighting
pheromosa,795,71,137,37,137,37,151,1.8,25.0,bug,fighting
xurkitree,796,83,89,71,173,71,83,3.8,100.0,electric,
celesteela,797,97,101,103,107,101,61,9.2,999.9,steel,flying
kartana,798,59,181,131,59,31,109,0.3,0.1,grass,steel
guzzlord,799,223,101,53,97,53,43,5.5,888.0,dark,dragon
necrozma,800,97,107,101,127,89,79,2.4,230.0,psychic,
magearna,801,80,95,115,130,115,65,1.0,80.5,steel,fairy
marshadow,802,90,125,80,90,90,125,0.7,22.2,fighting,ghost
poipole,803,67,73,67,73,67,73,0.6,1.8,poison,
naganadel,804,73,73,73,127,73,121,3.6,150.0,poison,dragon
stakataka,805,61,131,211,53,101,13,5.5,820.0,rock,steel
blacephalon,806,53,127,53,151,79,107,1.8,13.0,fire,ghost
zeraora,807,88,112,75,102,80,143,1.5,44.5,electric,
meltan,808,46,65,65,55,35,34,0.2,8.0,steel,
melmetal,809,135,143,143,80,65,34,2.5,800.0,steel,
grookey,810,50,65,50,40,40,65,0.3,5.0,grass,
thwackey,811,70,85,70,55,60,80,0.7,14.0,grass,
rillaboom,812,100,125,90,60,70,85,2.1,90.0,grass,
scorbunny,813,50,71,40,40,40,69,0.3,4.5,fire,
raboot,814,65,86,60,55,60,94,0.6,9.0,fire,
cinderace,815,80,116,75,65,75,119,1.4,33.0,fire,
sobble,816,50,40,40,70,40,70,0.3,4.0,water,
drizzile,817,65,60,55,95,55,90,0.7,11.5,water,
inteleon,818,70,85,65,125,65,120,1.9,45.2,water,
skwovet,819,70,55,55,35,35,25,0.3,2.5,normal,
greedent,820,120,95,95,55,75,20,0.6,6.0,normal,
rookidee,821,38,47,35,33,35,57,0.2,1.8,flying,
corvisquire,822,68,67,55,43,55,77,0.8,16.0,flying,
corviknight,823,98,87,105,53,85,67,2.2,75.0,flying,steel
blipbug,824,25,20,20,25,45,45,0.4,8.0,bug,
dottler,825,50,35,80,50,90,30,0.4,19.5,bug,psychic
orbeetle,826,60,45,110,80,120,90,0.4,40.8,bug,psychic
nickit,827,40,28,28,47,52,50,0.6,8.9,dark,
thievul,828,70,58,58,87,92,90,1.2,19.9,dark,
gossifleur,829,40,40,60,40,60,10,0.4,2.2,grass,
eldegoss,830,60,50,90,80,120,60,0.5,2.5,grass,
wooloo,831,42,40,55,40,45,48,0.6,6.0,normal,
dubwool,832,72,80,100,60,90,88,1.3,43.0,normal,
chewtle,833,50,64,50,38,38,44,0.3,8.5,water,
drednaw,834,90,115,90,48,68,74,1.0,115.5,water,rock
yamper,835,59,45,50,40,50,26,0.3,13.5,electric,
boltund,836,69,90,60,90,60,121,1.0,34.0,electric,
rolycoly,837,30,40,50,40,50,30,0.3,12.0,rock,
carkol,838,80,60,90,60,70,50,1.1,78.0,rock,fire
coalossal,839,110,80,120,80,90,30,2.8,310.5,rock,fire
applin,840,40,40,80,40,40,20,0.2,0.5,grass,dragon
flapple,841,70,110,80,95,60,70,0.3,1.0,grass,dragon
appletun,842,110,85,80,100,80,30,0.4,13.0,grass,dragon
silicobra,843,52,57,75,35,50,46,2.2,7.6,ground,
sandaconda,844,72,107,125,65,70,71,3.8,65.5,ground,
cramorant,845,70,85,55,85,95,85,0.8,18.0,flying,water
arrokuda,846,41,63,40,40,30,66,0.5,1.0,water,
barraskewda,847,61,123,60,60,50,136,1.3,30.0,water,
toxel,848,40,38,35,54,35,40,0.4,11.0,electric,poison
toxtricity-amped,849,75,98,70,114,70,75,1.6,40.0,electric,poison
sizzlipede,850,50,65,45,50,50,45,0.7,1.0,fire,bug
centiskorch,851,100,115,65,90,90,65,3.0,120.0,fire,bug
clobbopus,852,50,68,60,50,50,32,0.6,4.0,fighting,
grapploct,853,80,118,90,70,80,42,1.6,39.0,fighting,
sinistea,854,40,45,45,74,54,50,0.1,0.2,ghost,
polteageist,855,60,65,65,134,114,70,0.2,0.4,ghost,
hatenna,856,42,30,45,56,53,39,0.4,3.4,psychic,
hattrem,857,57,40,65,86,73,49,0.6,4.8,psychic,
hatterene,858,57,90,95,136,103,29,2.1,5.1,psychic,fairy
impidimp,859,45,45,30,55,40,50,0.4,5.5,dark,fairy
morgrem,860,65,60,45,75,55,70,0.8,12.5,dark,fairy
grimmsnarl,861,95,120,65,95,75,60,1.5,61.0,dark,fairy
obstagoon,862,93,90,101,60,81,95,1.6,46.0,dark,normal
perrserker,863,70,110,100,50,60,50,0.8,28.0,steel,
cursola,864,60,95,50,145,130,30,1.0,0.4,ghost,
sirfetchd,865,62,135,95,68,82,65,0.8,117.0,fighting,
mr-rime,866,80,85,75,110,100,70,1.5,58.2,ice,psychic
runerigus,867,58,95,145,50,105,30,1.6,66.6,ground,ghost
milcery,868,45,40,40,50,61,34,0.2,0.3,fairy,
alcremie,869,65,60,75,110,121,64,0.3,0.5,fairy,
falinks,870,65,100,100,70,60,75,3.0,62.0,fighting,
pincurchin,871,48,101,95,91,85,15,0.3,1.0,electric,
snom,872,30,25,35,45,30,20,0.3,3.8,ice,bug
frosmoth,873,70,65,60,125,90,65,1.3,42.0,ice,bug
stonjourner,874,100,125,135,20,20,70,2.5,520.0,rock,
eiscue-ice,875,75,80,110,65,90,50,1.4,89.0,ice,
indeedee-male,876,60,65,55,105,95,95,0.9,28.0,psychic,normal
morpeko-full-belly,877,58,95,58,70,58,97,0.3,3.0,electric,dark
cufant,878,72,80,49,40,49,40,1.2,100.0,steel,
copperajah,879,122,130,69,80,69,30,3.0,650.0,steel,
dracozolt,880,90,100,90,80,70,75,1.8,190.0,electric,dragon
arctozolt,881,90,100,90,90,80,55,2.3,150.0,electric,ice
dracovish,882,90,90,100,70,80,75,2.3,215.0,water,dragon
arctovish,883,90,90,100,80,90,55,2.0,175.0,water,ice
duraludon,884,70,95,115,120,50,85,1.8,40.0,steel,dragon
dreepy,885,28,60,30,40,30,82,0.5,2.0,dragon,ghost
drakloak,886,68,80,50,60,50,102,1.4,11.0,dragon,ghost
dragapult,887,88,120,75,100,75,142,3.0,50.0,dragon,ghost
zacian,888,92,120,115,80,115,138,2.8,110.0,fairy,
zamazenta,889,92,120,115,80,115,138,2.9,210.0,fighting,
eternatus,890,140,85,95,145,95,130,20.0,950.0,poison,dragon
kubfu,891,60,90,60,53,50,72,0.6,12.0,fighting,
urshifu-single-strike,892,100,130,100,63,60,97,1.9,105.0,fighting,dark
zarude,893,105,120,105,70,95,105,1.8,70.0,dark,grass
regieleki,894,80,100,50,100,50,200,1.2,145.0,electric,
regidrago,895,200,100,50,100,50,80,2.1,200.0,dragon,
glastrier,896,100,145,130,65,110,30,2.2,800.0,ice,
spectrier,897,100,65,60,145,80,130,2.0,44.5,ghost,
calyrex,898,100,80,80,80,80,80,1.1,7.7,psychic,grass
wyrdeer,899,103,105,72,105,75,65,1.8,95.1,normal,psychic
kleavor,900,70,135,95,45,70,85,1.8,89.0,bug,rock
ursaluna,901,130,140,105,45,80,50,2.4,290.0,ground,normal
basculegion-male,902,120,112,65,80,75,78,3.0,110.0,water,ghost
sneasler,903,80,130,60,40,80,120,1.3,43.0,fighting,poison
overqwil,904,85,115,95,65,65,85,2.5,60.5,dark,poison
enamorus-incarnate,905,74,115,70,135,80,106,1.6,48.0,fairy,flying
sprigatito,906,40,61,54,45,45,65,0.4,4.1,grass,
floragato,907,61,80,63,60,63,83,0.9,12.2,grass,
meowscarada,908,76,110,70,81,70,123,1.5,31.2,grass,dark
fuecoco,909,67,45,59,63,40,36,0.4,9.8,fire,
crocalor,910,81,55,78,90,58,49,1.0,30.7,fire,
skeledirge,911,104,75,100,110,75,66,1.6,326.5,fire,ghost
quaxly,912,55,65,45,50,45,50,0.5,6.1,water,
quaxwell,913,70,85,65,65,60,65,1.2,21.5,water,
quaquaval,914,85,120,80,85,75,85,1.8,61.9,water,fighting
lechonk,915,54,45,40,35,45,35,0.5,10.2,normal,
oinkologne-male,916,110,100,75,59,80,65,1.0,120.0,normal,
tarountula,917,35,41,45,29,40,20,0.3,4.0,bug,
spidops,918,60,79,92,52,86,35,1.0,16.5,bug,
nymble,919,33,46,40,21,25,45,0.2,1.0,bug,
lokix,920,71,102,78,52,55,92,1.0,17.5,bug,dark
pawmi,921,45,50,20,40,25,60,0.3,2.5,electric,
pawmo,922,60,75,40,50,40,85,0.4,6.5,electric,fighting
pawmot,923,70,115,70,70,60,105,0.9,41.0,electric,fighting
tandemaus,924,50,50,45,40,45,75,0.3,1.8,normal,
maushold-family-of-four,925,74,75,70,65,75,111,0.3,2.8,normal,
fidough,926,37,55,70,30,55,65,0.3,10.9,fairy,
dachsbun,927,57,80,115,50,80,95,0.5,14.9,fairy,
smoliv,928,41,35,45,58,51,30,0.3,6.5,grass,normal
dolliv,929,52,53,60,78,78,33,0.6,11.9,grass,normal
arboliva,930,78,69,90,125,109,39,1.4,48.2,grass,normal
squawkabilly-green-plumage,931,82,96,51,45,51,92,0.6,2.4,normal,flying
nacli,932,55,55,75,35,35,25,0.4,16.0,rock,
naclstack,933,60,60,100,35,65,35,0.6,105.0,rock,
garganacl,934,100,100,130,45,90,35,2.3,240.0,rock,
charcadet,935,40,50,40,50,40,35,0.6,10.5,fire,
armarouge,936,85,60,100,125,80,75,1.5,85.0,fire,psychic
ceruledge,937,75,125,80,60,100,85,1.6,62.0,fire,ghost
tadbulb,938,61,31,41,59,35,45,0.3,0.4,electric,
bellibolt,939,109,64,91,103,83,45,1.2,113.0,electric,
wattrel,940,40,40,35,55,40,70,0.4,3.6,electric,flying
kilowattrel,941,70,70,60,105,60,125,1.4,38.6,electric,flying
maschiff,942,60,78,60,40,51,51,0.5,16.0,dark,
mabosstiff,943,80,120,90,60,70,85,1.1,61.0,dark,
shroodle,944,40,65,35,40,35,75,0.2,0.7,poison,normal
grafaiai,945,63,95,65,80,72,110,0.7,27.2,poison,normal
bramblin,946,40,65,30,45,35,60,0.6,0.6,grass,ghost
brambleghast,947,55,115,70,80,70,90,1.2,6.0,grass,ghost
toedscool,948,40,40,35,50,100,70,0.9,33.0,ground,grass
toedscruel,949,80,70,65,80,120,100,1.9,58.0,ground,grass
klawf,950,70,100,115,35,55,75,1.3,79.0,rock,
capsakid,951,50,62,40,62,40,50,0.3,3.0,grass,
scovillain,952,65,108,65,108,65,75,0.9,15.0,grass,fire
rellor,953,41,50,60,31,58,30,0.2,1.0,bug,
rabsca,954,75,50,85,115,100,45,0.3,3.5,bug,psychic
flittle,955,30,35,30,55,30,75,0.2,1.5,psychic,
espathra,956,95,60,60,101,60,105,1.9,90.0,psychic,
tinkatink,957,50,45,45,35,64,58,0.4,8.9,fairy,steel
tinkatuff,958,65,55,55,45,82,78,0.7,59.1,fairy,steel
tinkaton,959,85,75,77,70,105,94,0.7,112.8,fairy,steel
wiglett,960,10,55,25,35,25,95,1.2,1.8,water,
wugtrio,961,35,100,50,50,70,120,1.2,5.4,water,
bombirdier,962,70,103,85,60,85,82,1.5,42.9,flying,dark
finizen,963,70,45,40,45,40,75,1.3,60.2,water,
palafin-zero,964,100,70,72,53,62,100,1.3,60.2,water,
varoom,965,45,70,63,30,45,47,1.0,35.0,steel,poison
revavroom,966,80,119,90,54,67,90,1.8,120.0,steel,poison
cyclizar,967,70,95,65,85,65,121,1.6,63.0,dragon,normal
orthworm,968,70,85,145,60,55,65,2.5,310.0,steel,
glimmet,969,48,35,42,105,60,60,0.7,8.0,rock,poison
glimmora,970,83,55,90,130,81,86,1.5,45.0,rock,poison
greavard,971,50,61,60,30,55,34,0.6,35.0,ghost,
houndstone,972,72,101,100,50,97,68,2.0,15.0,ghost,
flamigo,973,82,115,74,75,64,90,1.6,37.0,flying,fighting
cetoddle,974,108,68,45,30,40,43,1.2,45.0,ice,
cetitan,975,170,113,65,45,55,73,4.5,700.0,ice,
veluza,976,90,102,73,78,65,70,2.5,90.0,water,psychic
dondozo,977,150,100,115,65,65,35,12.0,220.0,water,
tatsugiri-curly,978,68,50,60,120,95,82,0.3,8.0,dragon,water
annihilape,979,110,115,80,50,90,90,1.2,56.0,fighting,ghost
clodsire,980,130,75,60,45,100,20,1.8,223.0,poison,ground
farigiraf,981,120,90,70,110,70,60,3.2,160.0,normal,psychic
dudunsparce-two-segment,982,125,100,80,85,75,55,3.6,39.2,normal,
kingambit,983,100,135,120,60,85,50,2.0,120.0,dark,steel
great-tusk,984,115,131,131,53,53,87,2.2,320.0,ground,fighting
scream-tail,985,115,65,99,65,115,111,1.2,8.0,fairy,psychic
brute-bonnet,986,111,127,99,79,99,55,1.2,21.0,grass,dark
flutter-mane,987,55,55,55,135,135,135,1.4,4.0,ghost,fairy
slither-wing,988,85,135,79,85,105,81,3.2,92.0,bug,fighting
sandy-shocks,989,85,81,97,121,85,101,2.3,60.0,electric,ground
iron-treads,990,90,112,120,72,70,106,0.9,240.0,ground,steel
iron-bundle,991,56,80,114,124,60,136,0.6,11.0,ice,water
iron-hands,992,154,140,108,50,68,50,1.8,380.7,fighting,electric
iron-jugulis,993,94,80,86,122,80,108,1.3,111.0,dark,flying
iron-moth,994,80,70,60,140,110,110,1.2,36.0,fire,poison
iron-thorns,995,100,134,110,70,84,72,1.6,303.0,rock,electric
frigibax,996,65,75,45,35,45,55,0.5,17.0,dragon,ice
arctibax,997,90,95,66,45,65,62,0.8,30.0,dragon,ice
baxcalibur,998,115,145,92,75,86,87,2.1,210.0,dragon,ice
gimmighoul,999,45,30,70,75,70,10,0.3,5.0,ghost,
gholdengo,1000,87,60,95,133,91,84,1.2,30.0,steel,ghost
wo-chien,1001,85,85,100,95,135,70,1.5,74.2,dark,grass
chien-pao,1002,80,120,80,90,65,135,1.9,152.2,dark,ice
ting-lu,1003,155,110,125,55,80,45,2.7,699.7,dark,ground
chi-yu,1004,55,80,80,135,120,100,0.4,4.9,dark,fire
roaring-moon,1005,105,139,71,55,101,119,2.0,380.0,dragon,dark
iron-valiant,1006,74,130,90,120,60,116,1.4,35.0,fairy,fighting
koraidon,1007,100,135,115,85,100,135,2.5,303.0,fighting,dragon
miraidon,1008,100,85,100,135,115,135,3.5,240.0,electric,dragon
walking-wake,1009,99,83,91,125,83,109,3.5,280.0,water,dragon
iron-leaves,1010,90,130,88,70,108,104,1.5,125.0,grass,psychic
dipplin,1011,80,80,110,95,80,40,0.4,9.7,grass,dragon
poltchageist,1012,40,45,45,74,54,50,0.1,1.1,grass,ghost
sinistcha,1013,71,60,106,121,80,70,0.2,2.2,grass,ghost
okidogi,1014,88,128,115,58,86,80,1.8,92.2,poison,fighting
munkidori,1015,88,75,66,130,90,106,1.0,12.2,poison,psychic
fezandipiti,1016,88,91,82,70,125,99,1.4,30.1,poison,fairy
ogerpon,1017,80,120,84,60,96,110,1.2,39.8,grass,
archaludon,1018,90,105,130,125,65,85,2.0,60.0,steel,dragon
hydrapple,1019,106,80,110,120,80,44,1.8,93.0,grass,dragon
gouging-fire,1020,105,115,121,65,93,91,3.5,590.0,fire,dragon
raging-bolt,1021,125,73,91,137,89,75,5.2,480.0,electric,dragon
iron-boulder,1022,90,120,80,68,108,124,1.5,162.5,rock,psychic
iron-crown,1023,90,72,100,122,108,98,1.6,156.0,steel,psychic
terapagos,1024,90,65,85,65,85,60,0.2,6.5,normal,
pecharunt,1025,88,88,160,88,88,88,0.3,0.3,poison,ghost
